Item,Covered California ID,Entity Name,County / Pediatric,Source,2015 to 2016 Inclusion,Address,City,State,ZIP,Rating Region,FIPS Code,Medicare Provider Number,340B ID,Entity Type Code,OSHPD ID,CA License,CA Facility ID,NPI,Billing Organization,Billing Address 1,Billing Address,Billing City,Billing State,Billing Zip,Primary Contact Name,Primary Contact Title,Primary Contact Telephone,Primary Contact Extension,Y,X,Tract,Block
1,01035H0001,BANNER LASSEN MEDICAL CENTER,,340B,Unchanged,1800 SPRING RIDGE DRIVE,SUSANVILLE,CA,96130,1,035,51320,CAH051320-00,Critical Access Hospital,106184008,230000020,230000008,1538197231,,,,,,,Alan Goldberg,Pharmacy Director,(530) 252-2160,,40.44052,-120.618299,40303,1043
2,01007H0002,Orchard Hospital,,340B & DHCS DSH,Unchanged,240 SPRUCE ST.,GRIDLEY,CA,95948,1,007,51311,CAH051311-00,Critical Access Hospital,106040802,230000007,230000001,1477522019,BIGGS GRIDLEY MEMORIAL HOSPITAL,PO BOX 97,,GRIDLEY,CA,95948,Matthew Washburn,340B Program Manager,(530) 846-5671,1274,39.36696065,-121.6910578,3502,4006
3,01011H0003,Colusa Regional Medical Center,,340B,Unchanged,199 E. Webster St.,COLUSA,CA,95932,1,011,50434,SCH050434-00,Sole Community Hospital,106060870,230000149,230000259,1144215427,,,,,,,Gary A Pea,CFO,(530) 458-5821,252,39.207372,-122.000261,200,5029
4,01063H0005,EASTERN PLUMAS HOSPITAL-PORTOLA CAMPUS,,DHCS DSH,Unchanged,500 1ST ave,PORTOLA,CA,96122,1,063,51300,,,106320859,230000014,230000004,,,,,,,,"Hayes, Thomas",Administrator,(530) 832-4277,,39.805192,-120.471462,,
6,01093H0009,Fairchild Medical Center,,340B,Unchanged,444 Bruce St,YREKA,CA,96097,1,093,51316,CAH051316-00,Critical Access Hospital,106474007,230000035,230000019,1093892275,,,,,,,Kelly Martin,CFO,(530) 841-6235,,41.7185962,-122.6463184,702,1038
7,01007H0010,FEATHER RIVER HOSPITAL,,340B & DHCS DSH,Unchanged,5974 PENTZ ROAD,PARADISE,CA,95969,1,007,50225,DSH050225,DSH,106040875,230000017,230000005,1548412570,Feather River Hospital,PO box 677000,,Paradise,CA,95967,Shirley Young,"Director, Patient Financial Services",(530) 876-7911,,39.75536642,-121.5723274,2000,1008
8,01045H0011,FRANK R HOWARD MEMORIAL HOSPITAL,,340B DSH,Unchanged,One Marcela Drive,WILLITS,CA,95490,1,045,51310,CAH051310-00,Critical Access Hospital,106230949,110000013,110000008,1356339543,,,,,,,Peter Forni,DIRECTOR OF PHARMACY,(707) 456-3147,,39.40089,-123.349777,10700,6023
9,01023H0015,JEROLD PHELPS COMMUNITY HOSPITAL,,DHCS DSH,Removed,733 CEDAR St,GARBERVILLE,CA,95542,1,023,,,,106121031,,110000057,,,,,,,,"Jasper, Harry S",Administrator,(707) 923-3921,,40.101503,-123.792764,,
10,01023H0016,MAD RIVER COMMUNITY HOSPITAL,,DHCS DSH,Unchanged,3800 JANES Rd,ARCATA,CA,95521,1,023,50028,,,106121002,110000031,110000021,,,,,,,,,,,,40.89627274,-124.0931962,,
11,01009H0017,Mark Twain Medical Center,,340B,Unchanged,768 Mountain Ranch Road,SAN ANDREAS,CA,95249,1,009,51332,CAH051332-00,Critical Access Hospital,106050932,030000058,030000120,1508968819,,,,,,,Jill Ortiz,Director of Pharmacy,(209) 754-2464,,38.18988582,-120.6715574,300,3009
12,01089H0018,MAYERS MEMORIAL HOSPITAL,,340B & DHCS DSH,Unchanged,43563 STATE HIGHWAY 299 EAST,FALL RIVER MILLS,CA,96028,1,089,51305,CAH051305-00,Critical Access Hospital,106450936,230000021,230000009,1265646152,MAYERS MEMORIAL HOSPITAL,P.O. BOX 459,,FALL RIVER MILLS,CA,96028,KEITH EARNEST,CCO,(530) 336-5554,1153,41.02281942,-121.4256953,12702,2030
13,01045H0019,MENDOCINO COAST DISTRICT HOSPITAL,,340B,Unchanged,700 RIVER DRIVE,FORT BRAGG,CA,95437,1,045,51325,CAH051325-00,Critical Access Hospital,106231013,110000040,110000023,1538113725,,,,,,,Bob S. Edwards,CEO,(707) 961-4611,,39.432607,-123.800793,10500,4003
14,01089H0020,"MERCY MEDICAL CENTER, REDDING",,340B,Unchanged,2175 ROSALINE AVENUE,REDDING,CA,96001,1,089,50280,DSH050280,DSH,106450949,230000024,230000010,1477671535,Dignity Health AP SAC,3400 Data Drive,3rd floor,Rancho Cordova,CA,95670,Kathleen Delikowski,Interim Director of Pharmacy,(530) 225-7002,,40.572569,-122.396538,10500,3055
5,01093H0021,DIGNITY HEALTH D/B/A MERCY MEDICAL CENTER MT. SHASTA,,340B,Unchanged,914 PINE STREET,MOUNT SHASTA,CA,96067,1,093,51319,CAH051319-00,Critical Access Hospital,106470871,230000015,100001760,,,,,,,,TIM HUTCHINSON,Pharmacist,(530) 926-7217,,41.318723,-122.322816,1000,4187
15,01049H0022,MODOC MEDICAL CENTER,,340B & DHCS DSH,Unchanged,228 W. MCDOWELL AVE,ALTURAS,CA,96101,1,049,51330,CAH051330-00,Critical Access Hospital,106250956,,230000011,,,,,,,,Michele McQuillan-Hill,CNO,(530) 233-7031,,41.48001891,-120.5440897,100,3045
16,01007H0023,OROVILLE HOSPITAL,,340B & DHCS DSH,Unchanged,2767 OLIVE HIGHWAY,OROVILLE,CA,95966,1,007,50030,DSH050030,DSH,106040937,230000022,230000014,1982756425,,,,,,,"DANIEL Q NGUYEN, PHARM D",DIRECTOR OF PHARMACY,(530) 533-8500,,39.50448827,-121.5420393,2700,2019
17,01023H0026,Redwood Memorial Hospital,,340B & DHCS DSH,Unchanged,3300 Renner Drive,FORTUNA,CA,95540,1,023,51318,CAH051318-00,Critical Access Hospital,106121051,110000173,110000045,,,,,,,,Kevin Clougherty,Regional Director 340B Pharmacy Operations,(707) 269-4236,,40.582577,-124.135524,10901,3037
18,01115H0027,RIDEOUT MEMORIAL HOSPITAL,,340B,Unchanged,726 4TH STREET,MARYSVILLE,CA,95901,1,115,50133,DSH050133,DSH,106580996,230000126,230000261,1720088354,,PO BOX 2128,,MARYSVILLE,CA,95901,JERRY F. GONZALES,DIRECTOR OF PHARMACY,(530) 749-4417,,39.13872801,-121.5949677,40100,1029
19,01063H0028,SENECA DISTRICT HOSPITAL,,340B,Unchanged,130 BRENTWOOD DRIVE,CHESTER,CA,96020,1,063,51327,CAH051327-00,Critical Access Hospital,106321016,,230000227,,Seneca District Hospital,PO Box 737,,Chester,CA,96020,Karen Turner,Chief Nursing Officer,(530) 258-2000,,40.305383,-121.2347321,501,1108
20,01089H0029,SHASTA REGIONAL MEDICAL CENTER,,DHCS DSH,Removed,1100 BUTTE St,REDDING,CA,96001,1,089,50764,,,106450940,230000023,230000016,,,,,,,,"Gordon, Cyndy",Administrator,(530) 244-5454,,40.585296,-122.386876,,
21,01109H0032,SONORA COMMUNITY HOSPITAL DBA SONORA REGIONAL MEDICAL CENTER,,340B,Unchanged,1000 GREENLEY RD.,SONORA,CA,95370,1,109,50335,SCH050335-00,Sole Community Hospital,106554011,030000094,030001799,,,,,,,,Ashley Pedroni,340B Program Specialist,(209) 536-3704,,37.98078824,-120.3685094,1200,3028
22,01103H0034,ST ELIZABETH COMMUNITY HOSPITAL,,340B,Unchanged,2550 SISTER MARY COLUMBA,RED BLUFF,CA,96080,1,103,50042,DSH050042,DSH,106521041,230000036,230000020,1083732853,Dignity Health AP SAC,3400 Data Drive,3rd floor,Rancho Cordova,CA,95670,Randy Pennebaker,Director of Pharmacy,(530) 529-8235,,40.14879495,-122.2179757,700,4024
23,01033H0035,St Helena Hospital Clearlake,,340B & DHCS DSH,Unchanged,15630 18th Ave - Hwy 53,CLEARLAKE,CA,95422,1,033,51317,CAH051317-00,Critical Access Hospital,106171049,110000174,110000044,1124018031,,,,,,,CARLTON JACOBSON,CFO,(707) 995-5824,,38.9361793,-122.6200373,702,2062
24,01023H0036,ST. JOSEPH HOSPITAL,,340B,Unchanged,2700 DOLBEER STREET,EUREKA,CA,95501,1,023,50006,DSH050006,DSH,106121080,110000075,110000067,1891900635,,,,,,,Kevin Clougherty,Regional Director 340B Pharmacy Operations,(707) 269-4236,7593,40.784568,-124.141477,600,2011
25,01033H0040,SUTTER LAKESIDE HOSPITAL,,DHCS DSH,Unchanged,5176 HILL ROAD EAST,LAKEPORT,CA,95453,1,033,51329,,,106171395,110000094,110000019,,,,,,,,Yi-Chih Peng,Pharmacy Manager,(707) 262-5061,,39.10764169,-122.9063778,300,2026
26,01057H0042,TAHOE FOREST HOSPITAL,,340B,Unchanged,10121 PINE AVENUE,TRUCKEE,CA,96161,1,057,51328,CAH051328-00,Critical Access Hospital,106291053,230000151,230000334,,TAHOE FOREST HOSPITAL DISTRICT,P.O. BOX 759,,TRUCKEE,CA,96160,"TENA MATHER, RPH",PHARMACY CLINICAL PROGRAM ANALYST,(530) 582-6586,,39.32476626,-120.2012586,1206,2019
27,01105H0043,TRINITY HOSPITAL,,340B,Unchanged,60 EASTER AVENUE,WEAVERVILLE,CA,96093,1,105,51315,CAH051315-00,Critical Access Hospital,106531059,230000038,230000022,,,,,,,,Kevin Livengood,Director of Pharmacy,(530) 623-5541,3257,40.737793,-122.940391,102,3003
28,01045H0044,UKIAH VALLEY MEDICAL CENTER,,340B & DHCS DSH,Unchanged,275 HOSPITAL DRIVE,UKIAH,CA,95482,1,045,50301,DSH050301,DSH,106231396,110000095,110000070,,,,,,,,Ranna Shamiya,DIRECTOR OF PHARMACY,(707) 463-7345,,39.15383853,-123.2039514,11500,1040
204,01007H0045,ENLOE MEDICAL CENTER,,340B ,Added,1531 ESPLANADE,CHICO,CA,95926,1,007,050039,DSH050039,DSH,106040962,230000027,230000013,1417901091,,,,,,,Kevin Woodward,Director of Finance,(530) 332-6733,,39.742413,-121.84896,603,1002
205,01045H0046,HOWARD MEMORIAL HOSPITAL,,340B ,Added,88 Madrone Street,Willits,CA,95490,1,045,051310,CAH051310-01,CAH,106234038,,,1437551652,,,,,,,Peter Forni,Director of Pharmacy,(707) 456-3147,,39.400887,-123.35221,10700,6021
214,01005H0047,SUTTER AMADOR HOSPITAL,,340B ,Added,200 MISSION BLVD,JACKSON,CA,95642,1,005,050014,DSH050014,DSH,106034002,030000008,030000108,1447494323,,,,,,,Melanie Welcher,340B Program Coordinator,(916) 454-6669,,38.351,-120.76656,500,1040
29,02097H0001,HEALDSBURG DISTRICT HOSPITAL,,340B,Unchanged,1375 UNIVERSITY AVENUE,HEALDSBURG,CA,95448,2,097,51321,CAH051321-00,Critical Access Hospital,106490964,110000019,110000009,,,,,,,,"Susan Spoelma, RN",Chief Nursing Officer,(707) 431-6500,6540,38.626572,-122.863732,153902,4000
30,02095H0008,NORTH BAY MEDICAL CTR,,340B DSH,Unchanged,1200 B GALE WILSON BLVD,FAIRFIELD,CA,94533,2,095,50367,DSH050367,DSH,106481357,110000093,110000010,,,,,,,,RYAN SEO,DIRECTOR OF PHARMACY,(707) 646-4290,,38.261081,-122.049897,252604,3009
38,03113H0012,SUTTER DAVIS HOSPITAL,,340B,Unchanged,2000 SUTTER PLACE,DAVIS,CA,95616,2,095,50537,DSH050537,DSH,106574010,030000124,030000149,,,,,,,,ALLAN YAMASHIRO,ANCILLARY SERVICES DIRECTOR,(530) 757-5181,,38.560932,-121.772568,10505,1034
31,02055H0018,ST HELENA HOSPITAL,,340B,Unchanged,10 WOODLAND ROAD,ST. HELENA,CA,94574,2,055,50013,DSH050013,DSH,106281078,110000073,110000360,,,,,,,,Mindy Pequeno,Pharmacy Buyer,(707) 963-6306,,38.54448346,-122.4757836,201700,5000
33,02097H0019,SUTTER SANTA ROSA REGIONAL HOSPITAL,,340B,Unchanged,30 MARK WEST SPRINGS ROAD,SANTA ROSA,CA,95404,2,097,50291,DSH050291,DSH,106490919,110000005,110000332,,Sutter Shared Services,PO Box 619110,Accounts Payable,Roseville,CA,95661,"LAQUOIA JOHNSON, PHARM D",PHARMACY MANAGER,(707) 576-4344,,38.46845469,-122.7073609,,
32,02095H0020,Sutter Health Sacramento Sierra Region DBA Sutter Solano Medical Center,,340B & DHCS DSH,Unchanged,300 HOSPITAL DRIVE,VALLEJO,CA,94590,2,095,50101,DSH050101,DSH,106481094,110000082,110000068,1366686248,,,,,,,MARK RILEY,DIRECTOR OF PHARMACY,(707) 554-5343,,38.13107484,-122.2390128,251901,2009
208,02097H0021,PETALUMA VALLEY HOSPITAL,,340B ,Added,400 N. MCDOWELL BLVD,PETALUMA,CA,94954,2,097,050136,DSH050136,DSH,106491001,110000001,110000040,1235162645,,,,,,,Kevin Clougherty,Regional Director 340B Pharmacy Operations,(707) 269-4236,,38.253124,-122.632805,150609,4012
211,02097H0022,SANTA ROSA MEMORIAL HOSPITAL,,340B ,Added,1165 MONTGOMERY DRIVE,SANTA ROSA,CA,95405,2,097,050174,DSH050174,DSH,106491064,140000648,140001268,1134152549,,,,,,,Kevin Clougherty,Regional Director 340B Pharmacy Operations,(707) 269-4236,,38.442852,-122.70178,151800,1020
221,02097H0023,Sutter Santa Rosa Regional Hospital,,DHCS DSH,Added,30 MARK WEST SPRINGS RD.,SANTA ROSA,CA,95403,2,097,050291,,,106494106,110000005,110000007,,,,,,,,"Purvis, Michael",Administrator,,,38.496258,-122.75322,152702,2004
34,03017H0001,BARTON MEMORIAL HOSPITAL,,340B,Unchanged,2170 SOUTH AVENUE,SOUTH LAKE TAHOE,CA,96150,3,017,50352,SCH050352-00,Sole Community Hospital,106090793,030000013,030000114,,,,,,,,"Mark Minnie, RPh",DIRECTOR OF PHARMACY,(530) 543-5544,,38.912355,-119.99862,,
35,03067H0006,MERCY GENERAL HOSPITAL,,340B,Unchanged,4001 J STREET,SACRAMENTO,CA,95819,3,067,50017,DSH050017,DSH,106340947,030000062,030000124,1487694857,Dignity Health AP SAC,3400 Data Drive,,Rancho Cordova,CA,95670,Jeffrey Y. Nehira,Director of Pharmacy,(916) 453-4907,,38.56959713,-121.4533161,1500,1001
36,03067H0008,MERCY SAN JUAN MEDICAL CENTER,,340B,Unchanged,6501 COYLE AVENUE,CARMICHAEL,CA,95608,3,067,50516,DSH050516,DSH,106340950,030000063,030000127,,Dignity Health AP SAC,3400 Data Drive,,Rancho Cordova,CA,95670,JIM WALSH,PHARMACY DIRECTOR,(916) 537-5369,,38.66799878,-121.3138355,8134,1012
37,03067H0009,METHODIST HOSPITAL OF SACRAMENTO,,340B & DHCS DSH,Unchanged,7500 HOSPITAL DRIVE,SACRAMENTO,CA,95823,3,067,50590,DSH050590,DSH,106340951,030000064,030000037,1497939201,,,,,,,Gurpreet Johal,Pharmacy Director,(916) 681-1665,,38.464231,-121.417532,9606,4010
39,03067H0013,SUTTER MEDICAL CENTER SACRAMENTO,,340B,Unchanged,2825 Capitol Avenue,SACRAMENTO,CA,95816,3,067,50108,DSH050108,DSH,106341051,030000102,030000151,1811946734,Sutter Shared Services,P.O. Box 619110,Accounts Payable,Roseville,CA,95661,Melanie Welcher,340B Program Coordinator,(916) 454-6669,,38.571648,-121.470163,1400,1023
40,03067H0016,UNIVERSITY OF CALIFORNIA DAVIS MEDICAL CENTER,County,340B & DHCS DSH,Unchanged,2315 STOCKTON BLVD,SACRAMENTO,CA,95817,3,067,50599,DSH050599,DSH,106341006,030000086,030000113,1578639308,,,,,,,JOHN H. GRUBBS,Director of Pharmacy,(916) 734-3305,,38.55368866,-121.4568604,1700,3006
41,03113H0018,WOODLAND MEMORIAL HOSPITAL,,340B,Unchanged,1325 COTTONWOOD ST,WOODLAND,CA,95695,3,113,50127,DSH050127,DSH,106571086,030000115,030000301,,,,,,,,Denise Foreman,Director of Pharmacy,(530) 669-5481,,38.66282889,-121.7934291,11203,1000
207,03017H0019,MARSHALL HOSPITAL,,340B ,Added,1100 MARSHALL WAY,PLACERVILLE,CA,95667,3,017,050254,DSH050254,DSH,106090933,030000059,030000121,1972503142,Marshall Medical Center - Accounts Payable,P.O. Box # 872,,Placerville,CA,95667,Bob DiPonti,Director of Pharmacy,(530) 626-2657,,38.72554,-120.790855,31200,2052
215,03061H0020,SUTTER ROSEVILLE MEDICAL CENTER,,340B ,Added,1 MEDICAL PLAZA,ROSEVILLE,CA,95661,3,061,050309,DSH050309,DSH,106311000,030000083,030000134,1356390264,,,,,,,Melanie Welcher,340B Program Cooridinator,(916) 454-6669,,38.765141,-121.249786,22400,2018
42,04075H0004,CALIFORNIA PACIFIC MEDICAL CENTER-PACIFIC CAMPUS,,340B,Unchanged,2333 BUCHANAN STREET,SAN FRANCISCO,CA,94115,4,075,50047,DSH050047,DSH,106380929,220000197,220000022,,,,,,,,DON WILLIS,PURCHASING AND SYSTEMS MANAGER,(415) 600-3200,,37.79131814,-122.4309521,13500,2001
46,04075H0005,ST LUKE'S HOSPITAL,,340B & DHCS DSH,Unchanged,3555 CESAR CHAVEZ STREET,SAN FRANCISCO,CA,94110,4,075,50055,DSH050055,DSH,106380964,220000070,220000018,,,,,,,,GARY LOUIE,DIRECTOR OF PHARMACY SERVICES,(415) 600-3740,,37.74804637,-122.4208857,25300,4006
43,04075H0006,CHINESE HOSPITAL,,340B,Unchanged,845 JACKSON STREET,SAN FRANCISCO,CA,94133,4,075,50407,DSH050407,DSH,106382715,220000122,220000003,1992898837,,,,,,,THOMAS BOLGER,CFO,(415) 677-2496,,37.7957221,-122.4090594,11300,1000
44,04075H0009,SAN FRANCISCO GENERAL HOSPITAL,County,340B & DHCS DSH,Unchanged,1001 POTRERO AVE.,SAN FRANCISCO,CA,94110,4,075,50228,DSH050228,DSH,106380939,220000063,220000531,1326114158,San Francisco General Hospital,"1001 Potrero Avenue, GR-1",,San Francisco,CA,94110,DAVID WOODS,CHiEF PHARMACY OFFICER,(415) 206-2332,,37.756167,-122.406636,22802,2009
45,04075H0010,ST FRANCIS MEMORIAL HOSPITAL,,340B,Unchanged,900 HYDE STREET,SAN FRANCISCO,CA,94109,4,075,50152,DSH050152,DSH,106380960,220000069,220000234,,,,,,,,RAY MILLER,DIRECTOR OF PHARMACY,(415) 353-6451,,37.78911,-122.417017,11100,3000
47,04075H0011,ST. MARY'S MEDICAL CENTER,,340B,Unchanged,450 STANYAN STREET,SAN FRANCISCO,CA,94117,4,075,50457,DSH050457,DSH,106380965,220000071,220000225,,,,,,,,Minh Thu Nguyen,Director of Pharmacy,(415) 750-4988,,37.77381501,-122.4544718,16500,4001
48,04075H0012,UCSF-MEDICAL CENTER,County,340B DSH,Unchanged,505 PARNASSUS AVE.,SAN FRANCISCO,CA,94143,4,075,50454,DSH050454,DSH,106381154,220000091,220000031,,,,,,,,Tony Davoren,Pharmacy Director,(415) 514-6013,,37.762926,-122.45979,30102,1003
49,05013H0001,CONTRA COSTA REGIONAL MEDICAL CENTER,County,340B & DHCS DSH,Unchanged,Contra Costa Regional Medical Center,MARTINEZ,CA,94553,5,013,50276,DSH050276,DSH,106070924,140000090,140000195,,CONTRA COSTA REGIONAL MEDICAL CENTER,HEALTH SERVICES FINANCE ADMINISTRATION,"50 DOUGLAS DR, SUITE 310",MARTINEZ,CA,94553,BUD DE CESARE,FISCAL MANAGER,(925) 957-5429,,38.006471,-122.130827,318000,2066
50,05013H0002,DOCTORS MEDICAL CENTER,,340B,Removed,2000 VALE ROAD,SAN PABLO,CA,94806,5,013,50079,DSH050079,DSH,106070904,110000485,110001204,1891733788,,,,,,,THERESE HELSER,DIRECTOR OF PHARMACY,(510) 970-5310,,37.952834,-122.338754,372000,1000
51,05013H0010,SUTTER DELTA MEDICAL CENTER,,340B,Unchanged,3901 LONE TREE WAY,ANTIOCH,CA,94509,5,013,50523,DSH050523,DSH,106070934,140000258,630002981,1811129752,,,,,,,Jane Han,PHARMACY MANAGER,(925) 779-7277,1226,37.96803677,-121.7858403,355108,2000
52,06001H0002,ALAMEDA HEALTH SYSTEM-HIGHLAND GENERAL HOSPITAL,County,340B & DHCS DSH,Unchanged,1411 EAST 31ST ST.,OAKLAND,CA,94602,6,001,50320,DSH050320,DSH,106010846,140000046,140000034,1922165323,,,,,,,Douglas DelPaggio,Pharmacy Director,(510) 437-4048,,37.79957113,-122.2329955,405700,3001
53,06001H0003,ALAMEDA HOSPITAL,County,340B & DHCS DSH,Unchanged,2070 CLINTON AVE,ALAMEDA,CA,94501,6,001,50211,DSH050211,DSH,106010735,140000002,140000011,,Alameda Hospital,15400 Foothill Blvd.,,San Leandro,CA,94578,"Stebbins, Deborah E",Administrator,(510) 522-3700,,37.7632753,-122.2537064,,
54,06001H0007,ALTA BATES SUMMIT MED - HERRICK (ABSM-H),,340B,Unchanged,2450 ASHBY AVENUE,BERKELEY,CA,94704,6,001,50305,DSH050305,DSH,106010844,,140000006,,,,,,,,Mary Reiter,Assistant Director of Pharmacy-Outpatient Services,(510) 869-8489,,37.863665,-122.269834,423901,2000
55,06001H0008,ALTA BATES SUMMIT MED (ABSM),,340B,Unchanged,350 HAWTHORNE AVENUE,OAKLAND,CA,94609,6,001,50043,DSH050043,DSH,106010937,140000284,140000425,,,,,,,,Mary Reiter,Assistant Director of Pharmacy-Outpatient Services,(510) 869-8489,,37.82077032,-122.262988,401300,1009
56,06001H0010,CHILDRENS HOSPITAL AND RESEARCH CTR AT OAKLAND,Pediatric,DHCS DSH,Unchanged,747 52ND St,OAKLAND,CA,94609,6,001,,,,106010776,060000348,140000014,,,,,,,,"DeCarlo, Richard",Administrator,(510) 428-3000,,37.837346,-122.267935,,
57,06001H0011,EDEN MEDICAL CENTER,,340B,Unchanged,20103 LAKE CHABOT ROAD,CASTRO VALLEY,CA,94546,6,001,50488,DSH050488,DSH,106014233,,140000183,1134122179,,,,,,,Fred Hom,DIRECTOR OF PHARMACY,(510) 727-3028,,37.69821809,-122.0873237,430900,2004
58,06001H0018,ST. ROSE HOSPITAL,,340B & DHCS DSH,Unchanged,27200 CALAROGA AVE.,HAYWARD,CA,94545,6,001,50002,DSH050002,DSH,106010967,140000107,140000273,,,,,,,,Roger Krissman,CFO,(510) 264-4101,,37.63288511,-122.0897799,437300,1018
59,06001H0021,WASHINGTON HOSPITAL HEALTHCARE SYSTEM,,340B,Unchanged,2000 MOWRY AVENUE,FREMONT,CA,94538,6,001,50195,DSH050195,DSH,106010987,140000116,140001294,1780614685,,,,,,,MINH-THU DENNEN,DIRECTOR OF PHARMACY,(510) 608-6114,,37.558635,-121.980294,441924,1024
210,06001H0022,SAN LEANDRO HOSPITAL,,340B ,Added,13855 EAST 14TH STREET,SAN LEANDRO,CA,94578,6,001,050773,DSH050773,DSH,106013619,550002039,630013913,1356673503,SAN LEANDRO HOSPITAL,15400 Foothill Blvd.,,SAN LEANDRO,CA,94578,Elizabeth Blackburn,Pharmacist in Charge,(510) 667-4505,,37.71506,-122.14234,433104,1000
60,07085H0007,LUCILE PACKARD CHILDREN'S HOSPITAL,Pediatric,340B,Unchanged,725 WELCH ROAD,PALO ALTO,CA,94304,7,085,53305,PED053305-00,Childrens Hospital,106434040,,070001349,1467442749,LUCILE PACKARD CHILDREN'S HOSPITAL - ACCOUNTS PAYABLE,725 WELCH ROAD MC5553,,PALO ALTO,CA,94304,"FRED NISHIOKA, PHARM D.",ASSOCIATE DIRECTOR OF PHARMACY,(650) 497-8781,,37.43738,-122.17499,511609,1041
61,07085H0009,O'CONNOR HOSPITAL,,340B,Unchanged,2105 FOREST AVENUE,SAN JOSE,CA,95128,7,085,50153,DSH050153,DSH,106430837,070000072,070000868,,,,,,,,Norman Fox,Pharmacy Director,(408) 947-2838,,37.327055,-121.937112,500500,5013
63,07085H0011,SANTA CLARA VALLEY MEDICAL CENTER,County,340B & DHCS DSH,Unchanged,751 SOUTH BASCOM AVE.,SAN JOSE,CA,95128,7,085,50038,DSH050038,DSH,106430883,070000085,070000290,,,,,,,,Narinder Singh,Director of Pharmacy,(408) 885-2300,,37.31618925,-121.931837,502101,1014
62,07085H0012,SAINT LOUISE REGIONAL HOSPITAL,,340B,Unchanged,9400 NO NAME UNO,GILROY,CA,95020,7,085,50688,DSH050688,DSH,106434138,070000266,070000635,,,,,,,,Norman Fox,PHARMACY DIRECTOR,(408) 848-4908,,37.03644789,-121.5737749,512401,1090
213,07085H0019,STANFORD HOSPITAL & CLINICS,,340B ,Added,300 PASTEUR DRIVE,Stanford,CA,94305,7,085,050441,DSH050441,DSH,106430905,070000662,070001357,1871543215,,,,,,,Deepak Sisodiya,Director of Pharmacy Services,(650) 725-5801,,37.43362,-122.176476,511609,1041
64,08081H0007,SAN MATEO MEDICAL CENTER,County,340B & DHCS DSH,Unchanged,222 WEST 39TH AVENUE,SAN MATEO,CA,94403,8,081,50113,DSH050113,DSH,106410782,220000015,220000218,1205909058,,,,,,,GARY L. HORNE,DIRECTOR OF PHARMACY,(650) 573-2366,,37.53044812,-122.2985765,607200,2025
65,08081H0010,SETON MEDICAL CENTER,,340B,Removed,1900 SULLIVAN AVE.,DALY CITY,CA,94015,8,081,50289,DSH050289,DSH,106410817,220000026,220000415,,,,,,,,Martha Yasavolian,DIRECTOR OF PHARMACY SERVICES,(650) 991-6789,,37.68262766,-122.4724056,601400,2001
66,09087H0011,DOMINICAN HOSPITAL,,340B,Unchanged,1555 SOQUEL DRIVE,SANTA CRUZ,CA,95065,9,087,50242,DSH050242,DSH,106440755,070000030,070000139,,,,,,,,Michael Walsh,CFO,(831) 462-7504,,36.988652,-121.982932,121300,1029
71,09053H0012,SOUTHERN MONTEREY COUNTY MEMORIAL HOSPITAL DBA GEORGE L. MEE MEMORIAL HOSPITAL,,340B & DHCS DSH,Unchanged,300 CANAL STREET,KING CITY,CA,93930,9,053,50189,DSH050189,DSH,106270777,070000047,070000141,,,,,,,,Jason Lashbrook,Pharmacy Manager,(831) 385-7143,,36.207095,-121.132331,11304,1234
68,09069H0013,HAZEL HAWKINS MEMORIAL HOSPITAL,,DHCS DSH,Unchanged,911 SUNSET DRIVE,HOLLISTER,CA,95023,9,069,50296,,,106350784,070000004,070000142,1275578817,,,,,,,ROD PINTELLO,DIRECTOR OF MATERIALS,(831) 636-2634,,36.83504138,-121.3861602,600,3026
69,09053H0015,NATIVIDAD MEDICAL CENTER,County,340B & DHCS DSH,Unchanged,1441 CONSTITUTION BLVD.,SALINAS,CA,93906,9,053,50248,DSH050248,DSH,106274043,070000070,070000306,1063616613,,PO BOX #81611,,Salinas,CA,93912,Jason Warren,DIRECTOR OF PHARMACY,(831) 772-7720,,36.69997457,-121.6232277,104,2006
70,09053H0016,SALINAS VALLEY MEMORIAL HEALTHCARE SYSTEM,,340B,Unchanged,450 EAST ROMIE LANE,SALINAS,CA,93901,9,053,50334,DSH050334,DSH,106270875,070000083,070000147,1750384079,,,,,,,Michael S. Brown,Director of Pharmacy,(831) 759-3090,,36.66038916,-121.6480409,14500,2000
67,09087H0018,WATSONVILLE COMMUNITY HOSPITAL,,DHCS DSH,Unchanged,75 NIELSON St,WATSONVILLE,CA,95076,9,053,50194,,,106444013,070000097,070000155,,,,,,,,"Earle, Audra",Administrator,(831) 724-4741,,36.941261,-121.782524,,
86,11019H0002,Adventist Medical Center - Reedley,,340B & DHCS DSH,Unchanged,372 W. Cypress Ave,REEDLEY,CA,93654,10,107,50192,DSH050192,DSH,106100797,040000149,040000124,1336167550,,,,,,,John Choi,DOP,(559) 537-2204,,36.60779521,-119.4513427,6603,1001
72,10077H0003,DAMERON HOSPITAL ASSOCIATION,,340B,Unchanged,525 WEST ACACIA STREET,STOCKTON,CA,95203,10,077,50122,DSH050122,DSH,106390846,030000024,030000117,,,,,,,,Gerald Downs,Director of Pharmacy,(209) 461-3129,,37.96121953,-121.3006114,401,1017
76,10099H0005,DOCTORS MEDICAL CENTER,,DHCS DSH,Unchanged,1441 FLORIDA Ave,MODESTO,CA,95350,10,099,50464,,,106500852,030000026,030000122,,,,,,,,"Kirk, Warren J",Administrator,(209) 578-1211,,37.665517,-120.996216,,
73,10043H0008,JOHN C. FREMONT HEALTHCARE DISTRICT,,340B,Unchanged,5189 HOSPITAL RD,MARIPOSA,CA,95338,10,043,51304,CAH051304-00,Critical Access Hospital,106220733,040000108,040000345,1497971451,JOHN C. FREMONT HEALTHCARE DISTRICT,P.O. BOX 216,,MARIPOSA,CA,95338,Theresa Loya,Chief Nursing Officer,(209) 966-3631,290,37.50265874,-119.9775982,101,2011
74,10107H0012,KAWEAH DELTA HEALTH CARE DISTRICT,,340B & DHCS DSH,Unchanged,400 WEST MINERAL KING AVENUE,VISALIA,CA,93291,10,107,50057,DSH050057,DSH,106540734,120000580,120001444,1588663769,,,,,,,COBY LA BLUE,DIRECTOR OF FINANCIAL AND LOGISTICAL PLANNING,(559) 624-2356,,36.327356,-119.295137,1200,1136
75,10047H0017,MEMORIAL HOSPITAL LOS BANOS,,340B & DHCS DSH,Unchanged,520 WEST I STREET,LOS BANOS,CA,93635,10,047,50528,DSH050528,DSH,106240924,040000177,040000110,1033352125,,,,,,,JAMES PETROCELLI,"DIRECTOR, PHARMACY",(209) 826-0591,330,37.0634266,-120.8594671,2201,4017
77,10099H0018,MEMORIAL HOSPITAL MODESTO,,340B,Unchanged,1700 COFFEE ROAD,MODESTO,CA,95355,10,099,50557,DSH050557,DSH,106500939,030000061,030000123,1629059746,Memorial Medical Center,P.O. Box 619110,,Roseville,CA,95661,J. Grant Breshears,Director of Pharmacy,(209) 569-7352,,37.66854587,-120.9756826,910,3001
79,10047H0019,MERCY MEDICAL CENTER MERCED,,340B & DHCS DSH,Unchanged,333 MERCY AVE,MERCED,CA,95340,10,047,50444,DSH050444,DSH,106240942,040000178,040000113,,,,,,,,Brian Elmore,Director of Pharmacy,(209) 564-5037,,37.34040249,-120.4651522,1801,1010
78,10099H0021,OAK VALLEY DISTRICT HOSPITAL (2-RH),,DHCS DSH,Unchanged,350 S OAK ave,OAKDALE,CA,95361,10,077,50067,,,106500967,030000069,030000131,,,,,,,,"Koff, Cheryl",Administrator,(209) 847-3011,,37.757881,-120.860219,,
80,10077H0023,SAN JOAQUIN GENERAL HOSPITAL,County,340B & DHCS DSH,Unchanged,500 WEST HOSPITAL ROAD,FRENCH CAMP,CA,95231,10,077,50167,DSH050167,DSH,106391010,030000087,030000135,1952476525,SAN JOAQUIN GENERAL HOSPITAL,PO BOX 1020,,STOCKTON,CA,95201,KRISSY HIRAI,PHARMACY SUPERVISOR,(209) 468-7225,,37.886132,-121.281177,3803,2031
81,10107H0024,SIERRA VIEW DISTRICT HOSPITAL,,340B & DHCS DSH,Unchanged,465 W PUTNAM AVENUE,PORTERVILLE,CA,93257,10,107,50261,DSH050261,DSH,106540798,120000584,120001466,,,,,,,,Aaron Gates,Director of Pharmacy Services,(559) 788-6111,,36.0695325,-119.027521,3801,2028
82,10077H0025,ST JOSEPH'S MEDICAL CENTER,,340B,Unchanged,1800 N CALIFORNIA STREET,STOCKTON,CA,95204,10,077,50084,DSH050084,DSH,106391042,030000284,030000143,,,,,,,,William Yee,DIRECTOR OF PHARMACY,(209) 467-6518,,37.970739,-121.289251,1300,1007
83,10077H0027,SUTTER TRACY COMMUNITY HOSPITAL,,340B,Unchanged,1420 NORTH TRACY BOULEVARD,TRACY,CA,95376,10,077,50313,DSH050313,DSH,106391056,030000105,030000141,1508105354,,,,,,,YASUO TODD SHINOHARA,"DIRECTOR, PHARMACY SERVICES",(209) 833-2452,,37.743634,-121.4350646,5303,3010
84,10107H0028,TULARE LOCAL HEALTHCARE DISTRICT DBA TULARE REGIONAL MEDICAL CENTER,,340B & DHCS DSH,Unchanged,869 N Cherry St.,TULARE,CA,93274,10,107,50359,DSH050359,DSH,106540816,120000585,120001467,1306840723,,,,,,,Sharon Fong,Director of Ancillary Services,(559) 685-3870,,36.21972531,-119.3375935,2303,4012
206,10077H0029,LODI MEMORIAL HOSPITAL,,340B ,Added,975 S. FAIRMONT AVENUE,LODI,CA,95240,10,077,050336,DSH050336,DSH,106390923,030000056,030000139,1316938301,"Lodi Memorial Hospital Association, Inc.",P O Box 3004,,Lodi,CA,95241,Terry Deak,VP & Chief Financial Officer,(209) 339-7898,,38.120487,-121.28583,4302,3004
85,11031H0001,Adventist Medical Center,,340B DSH,Unchanged,115 mall drive,HANFORD,CA,93230,11,031,50121,DSH050121,DSH,106164029,550001439,630012960,1538141627,,,,,,,John Choi,DOP,(559) 537-2204,,36.325505,-119.668528,1002,1017
87,11031H0004,Central Valley General Hospital,,340B & DHCS DSH,Unchanged,1025 N. Douty Street,HANFORD,CA,93230,11,031,50196,DSH050196,DSH,106160787,040000140,040000119,1891777983,,,,,,,John Choi,DOP,(559) 537-2204,,36.33521039,-119.6460325,900,3014
90,11039H0005,Valley Childrens Hospital  PREV CHILDREN'S HOSPITAL CENTRAL CALIFORNIA - ,Pediatric,DHCS DSH,Unchanged,9300 VALLEY CHILDRENS PL,MADERA,CA,93636,11,039,,,,106204019,40000160,040000129,,,,,,,,"Armendariz, Jennifer","Director, Contracting & Revenue Integrity ",(559) 353-7238,,36.880461,-119.810977,,
89,11019H0006,Fresno Community Hospital & Medical Center dba Clovis Community Medical Center,,340B,Unchanged,2755 Herndon Avenue,CLOVIS,CA,93611,11,019,50492,DSH050492,DSH,106100005,040000004,040000095,1316027709,,,,,,,Khaja Ahmed,Director of Pharmacy,(559) 324-4053,,36.837332,-119.668508,5702,2000
92,11019H0007,COALINGA REGIONAL MEDICAL CENTER,,DHCS DSH,Unchanged,1191 PHELPS Ave,COALINGA,CA,93210,11,019,50397,,,106100697,040000085,040000798,,,,,,,,,,,,36.151711,-120.343308,,
88,11019H0009,COMMUNITY REGIONAL MEDICAL CENTER,,340B & DHCS DSH,Unchanged,2823 FRESNO STREET,FRESNO,CA,93721,11,019,50060,DSH050060,DSH,106100717,040000096,040000101,,COMMUNITY REGIONAL MEDICAL CENTER,P. O. BOX 1232,,FRESNO,CA,93715,Marcela Magallon,340B Program Manager,(559) 459-1674,,36.74183869,-119.7839363,502,1003
91,11039H0014,MADERA COMMUNITY HOSPITAL,,340B & DHCS DSH,Unchanged,1250 E ALMOND AVENUE,MADERA,CA,93637,11,039,50568,DSH050568,DSH,106201281,040000191,040000111,1669673646,,,,,,,MARK FOOTE,VP FINANCE/CFO,(559) 675-5505,,36.94529588,-120.0438522,502,3000
93,11019H0016,SAINT AGNES MEDICAL CENTER,,340B,Unchanged,1303 E HERNDON AVE,FRESNO,CA,93720,11,019,50093,DSH050093,DSH,106100899,040000173,040000126,1205845567,,,,,,,Jeremy Stohler,Director of Pharmacy,(559) 450-3407,,36.83729372,-119.7656248,5510,1022
94,12083H0005,LOMPOC HEALTHCARE DISTRICT,,340B & DHCS DSH,Unchanged,1515 EAST OCEAN AVENUE,LOMPOC,CA,93436,12,083,50110,DSH050110,DSH,106420491,050000038,050000018,1194711952,,,,,,,"Chad Signorelli, PHARM D","Director, Pharmacy Services",(805) 737-3337,,34.64009591,-120.4379659,3102,2000
95,12083H0008,MARIAN MEDICAL CENTER,,340B,Unchanged,1400 E CHURCH ST,SANTA MARIA,CA,93454,12,079,50107,DSH050107,DSH,106420493,050000040,050000021,,,,,,,,Ed Guerena,Sr Director of Pharmacy,(805) 739-3453,,34.952045,-120.414694,2211,4007
96,12111H0017,ST JOHNS REGIONAL MEDICAL CENTER,,340B,Unchanged,1600 N ROSE AVE,OXNARD,CA,93030,12,111,50082,DSH050082,DSH,106560529,050000064,050000035,,,,,,,,Richard Carvotta,Director of Pharmacy,(805) 988-2714,,34.216363,-119.158433,4901,1003
97,12111H0019,VENTURA COUNTY MEDICAL CENTER,County,340B & DHCS DSH,Unchanged,3291 LOMA VISTA ROAD,VENTURA,CA,93003,12,111,50159,DSH050159,DSH,106560481,050000032,050000039,,,,,,,,Joseph Flynn,Pharmacy Operations Supervisor,(805) 652-5758,,34.27623852,-119.2516516,1900,2000
219,12111H0020,Ojai Valley Community Hospital,,DHCS DSH,Added,1306 MARICOPA HIGHWAY,OJAI,CA,93023,12,111,050046,,,106560501,050000045,050000023,,,,,,,,"Lashkari, Haady",Administrator,(805) 640-2280,,34.44256,-119.26561,901,2014
98,13025H0001,EL CENTRO REGIONAL MEDICAL CENTER,,340B & DHCS DSH,Unchanged,1415 ROSS AVENUE,EL CENTRO,CA,92243,13,025,50045,DSH050045,DSH,106130699,090000004,090000040,1861409823,,,,,,,"BRUCE BALOG, PHARM D",PHARMACIST IN CHARGE,(760) 339-7180,,32.78150014,-115.5685986,11700,2002
101,13051H0002,Southern Mono Healthcare District DBA Mammoth Hospital,,340B,Unchanged,85 Sierra Park Rd,MAMMOTH LAKES,CA,93546,13,051,51303,CAH051303-00,Critical Access Hospital,106260011,240000008,240000005,,Southern Mono Healthcare District,P. O. Box 660,,Mammoth Lakes,CA,93546,Gabriela MacMillan,Pharmacy Manager,(760) 934-3311,2265,37.644309,-118.963956,200,1140
99,13027H0003,NORTHERN INYO HOSPITAL,,340B,Unchanged,150 PIONEER LANE,BISHOP,CA,93514,13,027,51324,CAH051324-00,Critical Access Hospital,106141273,240000179,240000037,,,,,,,,Jeff Kneip,DIRECTOR OF PHARMACY,(760) 873-2111,,37.36217916,-118.4073323,400,2011
100,13025H0004,PIONEERS MEMORIAL HOSPITAL,,340B & DHCS DSH,Unchanged,207 WEST LEGION ROAD,BRAWLEY,CA,92227,13,025,50342,DSH050342,DSH,106130760,090000087,090000146,1073519443,,,,,,,JOHN P. TEAGUE,DIRECTOR OF PHARMACY,(760) 351-3367,,32.95994752,-115.5531085,10600,4046
212,13027H0005,SOUTHERN INYO HOSPITAL,,340B & DHCS DSH,Added,501 E. LOCUST STREET,LONE PINE,CA,93545,13,027,051302,CAH051302-00,CAH,106141338,240000205,240000102,1831128602,Southern Inyo Hospital,PO Box 1009,,Lone Pine,CA,93545,Lee Barron,CEO/CFO,(760) 876-5501,,36.608334,-118.0581,800,3061
220,13025H0006,Palo Verde Hospital,,DHCS DSH,Added,250 NORTH FIRST STREET,BLYTHE,CA,92225,13,025,050423,,,106331288,250000184,250000042,,,,,,,,"Anaya, Sandra",Administrator,,,33.61316,-114.59549,46101,1019
102,14029H0002,BAKERSFIELD MEMORIAL HOSPITAL,,340B DSH,Unchanged,420 34TH STREET,BAKERSFIELD,CA,93301,14,029,50036,DSH050036,DSH,106150722,120000181,120000338,,Dignity Health AP,3033 N. 3rd Avenune,,Phoenix,CA,85013,DAVID LOZANO,DIRECTOR OF PHARMACY,(661) 327-4647,1898,35.39047316,-119.0065782,600,1024
103,14029H0003,Delano Regional Medical Center,,340B & DHCS DSH,Unchanged,1401 Garces Hwy,DELANO,CA,93215,14,029,50608,DSH050608,DSH,106150706,120000180,120000336,,Central California Foundation for Health dba Delano Regional Medical Center,PO Box 460,,Delano,CA,93215,Terry Monrian,Pharmacy Director,(661) 721-5303,,35.7614087,-119.2392129,5003,1012
104,14029H0004,GOOD SAMARITAN HOSPITAL- BAKERSFIELD,,DHCS DSH,Unchanged,901 OLIVE Dr,BAKERSFIELD,CA,93308,14,029,50257,,,106150775,120000146,120000319,,,,,,,,"Ganesh, Acharya",Administrator,(661) 399-4461,,35.412277,-119.038988,,
106,14029H0007,KERN MEDICAL CENTER,County,340B & DHCS DSH,Unchanged,1700 MT. VERNON AVE.,BAKERSFIELD,CA,93306,14,029,50315,DSH050315,DSH,106150736,120000182,120000342,1376623538,,,,,,,Russell Judd,CEO,(661) 326-2095,,35.38170964,-118.9674304,1201,2013
107,14029H0008,KERN VALLEY HEALTHCARE DISTRICT,,340B & DHCS DSH,Unchanged,6412 LAUREL AVENUE,LAKE ISABELLA,CA,93240,14,029,51314,CAH051314-00,Critical Access Hospital,106150737,120000183,120000344,,KERN VALLEY HEALTHCARE DISTRICT,6412 LAUREL AVENUE,P.O. BOX 1628,LAKE ISABELLA,CA,93240,CHESTER BEEDLE,CHIEF FINANCIAL OFFICER,(760) 379-6615,,35.6353477,-118.406352,5203,3111
105,14029H0009,Dignity Health d/b/a Mercy Hospital and Mercy Southwest Hospital,,340B,Removed,2215 Truxtun Avenue,BAKERSFIELD,CA,93301,14,029,50295,DSH050295,DSH,106150761,120000184,120000404,,,,,,,,Andrew Cantu,Chief Financial Officer,(661) 632-5296,,35.37336774,-119.0271982,1700,4031
108,14029H0011,Ridgecrest Regional Hospital,,340B,Unchanged,1081 N. China Lake Blvd.,RIDGECREST,CA,93555,14,029,51333,CAH051333-00,Critical Access Hospital,106150782,120000186,120000409,,,,,,,,Margie Rose,Innovation Manager,(760) 499-3815,,35.64039081,-117.6698681,5401,3000
109,14029H0012,SAN JOAQUIN COMMUNITY HOSPITAL,,340B,Unchanged,2615 Chester Avenue,BAKERSFIELD,CA,93301,14,029,50455,DSH050455,DSH,106150788,120000187,120000411,1538157508,,,,,,,Adrian Gonzales,PHARMACY DIRECTOR,(661) 395-3000,,35.38302729,-119.0187723,1600,2022
110,14029H0013,Tehachapi Valley Healthcare District,,340B,Unchanged,"115 W. ""E"" Street",TEHACHAPI,CA,93561,14,029,51301,CAH051301-00,Critical Access Hospital,106150808,120000188,120000413,1275538530,,,,,,,"KIMBERLY HOFFMANN, PharmD",PHARMACY DIRECTOR,(661) 203-4516,,35.12993829,-118.4481891,6100,1007
111,15037H0002,ANTELOPE VALLEY HOSPITAL,,340B & DHCS DSH,Unchanged,1600 WEST AVENUE J,LANCASTER,CA,93534,15,037,50056,DSH050056,DSH,106190034,930000008,930000008,,,,,,,,"Knox, Dennis",Administrator,(661) 949-5000,,34.6893358,-118.1588025,,
112,15037H0004,BEVERLY HOSPITAL,,340B & DHCS DSH,Unchanged,309 WEST BEVERLY BOULEVARD,MONTEBELLO,CA,90640,15,037,50350,DSH050350,DSH,106190081,930000389,930000012,,,,,,,,"WAYNE CAMPBELL, PHARMD",DIRECTOR OF PHARMACY,(323) 837-3470,,34.01607,-118.100714,530101,3000
113,15037H0007,CITRUS VALLEY MEDICAL CENTER - IC CAMPUS,,340B,Removed,210 WEST BERNADINO RD,COVINA,CA,91723,15,037,50382,DSH050382,DSH,106190413,930000131,930000070,1982629440,,,,,,,Brian Yamate,Director of Pharmacy,(626) 938-7569,,34.09003453,-117.8926103,,
114,15037H0008,CITRUS VALLEY MEDICAL CENTER - QV CAMPUS,,DHCS DSH,Unchanged,1115 S SUNSET AVE,WEST COVINA,CA,91790,15,037,50369,,,106190636,930000131,930000132,1063441293,,,,,,,Sheri Hustana,Director of Pharmacy,(626) 813-2812,,34.06146393,-117.9460072,406702,1022
115,15037H0009,CITY OF HOPE NATIONAL MEDICAL CENTER,,340B,Unchanged,1500 E. DUARTE ROAD,DUARTE,CA,91010,15,037,50146,CAN050146-00,Cancer Hospital,106190176,,930000036,1346283140,,,,,,,CARL KILDOO,DIRECTOR OF PHARMACY,(626) 301-8833,,34.132228,-117.970744,430102,1002
116,15037H0011,PACIFIC HOSPITAL OF LONG BEACH,,DHCS DSH,Unchanged,2776 PACIFIC Ave,LONG BEACH,CA,90806,15,037,50776,,,106190587,930000117,930000114,,,,,,,,"Einhorn, Samuel",Administrator,(562) 595-1911,,33.80760478,-118.1937027,,
117,15037H0014,"DOCTORS HOSPITAL OF WEST COVINA, INC",,DHCS DSH,Removed,725 S ORANGE Ave,WEST COVINA,CA,91790,15,037,50096,,,106190857,930000188,930000188,,,,,,,,"Wallman, Gerald",Administrator,(626) 338-8481,,34.07096327,-117.9441051,,
118,15037H0015,Miller Childrens and Womens Hospital Long Beach,Pediatric,340B & DHCS DSH,Unchanged,2801 Atlantic Avenue,LONG BEACH,CA,90806,15,037,53309,PED053309-00,Childrens Hospital,106196168,930000949,930001709,1477596583,,,,,,,Jane Hodding,"Executive Director, Pharmacy",(562) 933-0280,,33.808008,-118.185011,572202,1015
119,15037H0016,EAST VALLEY HOSPITAL MEDICAL CENTER,,DHCS DSH,Removed,150 W ROUTE 66,GLENDORA,CA,91740,15,037,50205,,,106190328,930000060,930000060,,,,,,,,"Brentano, Gregory T",Administrator,(626) 852-5050,,34.1286773,-117.8629572,,
120,15037H0018,GARFIELD MEDICAL CENTER,,DHCS DSH,Unchanged,525 N GARFIELD Ave,MONTEREY PARK,CA,91754,15,037,50737,,,106190315,930000057,930000058,,,,,,,,"Batista, David J",Administrator,(626) 573-2222,,34.06778289,-118.1228909,,
121,15037H0019,GLENDALE ADVENTIST MEDICAL CENTER,,340B,Unchanged,1509 WILSON TERRACE,GLENDALE,CA,91206,15,037,50239,DSH050239,DSH,106190323,930000059,930000059,1831188275,,,,,,,Romic Eskandarian Pharm.D.,Director Of Pharmacy,(818) 409-8437,,34.14963205,-118.2314184,301000,3012
122,15037H0020,GLENDALE MEMORIAL HOSPITAL & HEALTH CENTER,,340B,Unchanged,1420 SOUTH CENTRAL AVE,GLENDALE,CA,91204,15,037,50058,DSH050058,DSH,106190522,930000099,930000093,,,,,,,,Leslie Pech,Pharmacy Director,(818) 507-4155,,34.12844715,-118.2577891,302401,5008
123,15037H0021,GREATER EL MONTE COMMUNITY HOSPITAL,,DHCS DSH,Unchanged,1701 SANTA ANITA Ave,SOUTH EL MONTE,CA,91733,15,037,50738,,,106190352,930000063,930000062,,,,,,,,"Toy, Stanley",Administrator,(626) 579-7777,,34.04816726,-118.0424396,,
124,15037H0030,LONG BEACH MEMORIAL MEDICAL CENTER,,340B,Unchanged,2801 ATLANTIC AVENUE,LONG BEACH,CA,90806,15,037,50485,DSH050485,DSH,106190525,930000102,930001709,1972514503,,,,,,,JANE HODDING,EXECUTIVE DIRECTOR OF PHARMACY,(562) 933-0282,,33.808008,-118.185011,572202,1015
125,15037H0031,METHODIST HOSPITAL OF SOUTHERN CALIFORNIA,,340B,Unchanged,300 WEST HUNTINGTON DRIVE,ARCADIA,CA,91007,15,037,50238,DSH050238,DSH,106190529,930000103,930000096,1508851288,,,,,,,DOROTHY WONG,DIRECTOR OF PHARMACY,(626) 574-3620,,34.13654,-118.040899,430721,1015
126,15037H0033,MONTEREY PARK HOSPITAL,,DHCS DSH,Unchanged,900 S ATLANTIC Blvd,MONTEREY PARK,CA,91754,15,037,50736,,,106190547,930000108,930000108,,,,,,,,"Cohen, Philip",Administrator,(626) 570-9000,,34.05086822,-118.1380766,,
127,15037H0036,POMONA VALLEY HOSPITAL MEDICAL CENTER,,340B & DHCS DSH,Unchanged,1798 NORTH GAREY AVENUE,POMONA,CA,91767,15,037,50231,DSH050231,DSH,106190630,930000128,930000123,,,,,,,,"THOMAS D DOTTS, PHARM D","DIRECTOR, PHARMACY SERVICES",(909) 865-9656,,34.077175,-117.752294,402102,3010
128,15037H0037,PRESBYTERIAN INTERCOMMUNITY HOSPITAL,,340B,Unchanged,12401 WASHINGTON BLVD.,WHITTIER,CA,90602,15,037,50169,DSH050169,DSH,106190631,930000129,930000099,1043215379,,,,,,,Jacquelyn Cituk,Executive Director of Enterprise Pharmacy Services,(562) 698-0811,16386,33.967308,-118.048017,502100,2001
129,15037H0039,PROVIDENCE HEALTH SYSTEM SOUTHERN CALIFORNIA DBA PROVIDENCE  LITTLE COMPANY OF MARY MEDICAL CENTER SAN PEDRO,,340B & DHCS DSH,Unchanged,1300 W 7TH STREET,SAN PEDRO,CA,90732,15,037,50078,DSH050078,DSH,106190680,930000142,930000157,1942247291,,,,,,,MUNO BHOLAT,DIRECTOR OF PHARMACY,(310) 303-5722,,33.737825,-118.305555,609900,2008
130,15037H0041,PROVIDENCE HEALTH SYSTEM SOUTHERN CALIFORNIA DBA PROVIDENCE SAINT JOSEPH MEDICAL CENTER,,340B,Unchanged,501 S BUENA VISTA STREET,BURBANK,CA,91505,15,037,50235,DSH050235,DSH,106190758,930000159,930000101,1336173269,,,,,,,TERESA LEE-YU,DIRECTOR OF PHARMACY,(818) 847-3788,,34.15577,-118.3269258,311600,5001
131,15037H0045,ST MARY MEDICAL CENTER,,DHCS DSH,Unchanged,1050 LINDEN AVE,LONG BEACH,CA,90813,15,037,50191,,,106190053,930000012,930000103,,,,,,,,MIGUEL GUTIERREZ,"DIRECTOR, PHARMACY OPERATION",(562) 491-9267,,33.77996092,-118.1866955,576301,4011
132,15037H0048,WHITTIER HOSPITAL MEDICAL CENTER,,DHCS DSH,Unchanged,9080 COLIMA Rd,WHITTIER,CA,90605,15,037,50735,,,106190883,930000402,930001410,,,,,,,,,,,,33.95106139,-118.0049033,,
217,15037H0049,Alhambra Hospital Medical Center,,DHCS DSH,Added,100 SOUTH RAYMOND AVENUE,ALHAMBRA,CA,91801,15,037,050281,,,106190017,930000005,930000005,,,,,,,,"Lai, Iris",Administrator,(626) 570-1606,,34.089756,-118.14497,480901,1005
133,16037H0002,CALIFORNIA HOSPITAL MEDICAL CENTER,,340B & DHCS DSH,Unchanged,1401 SOUTH GRAND AVENUE,LOS ANGELES,CA,90015,16,037,50149,DSH050149,DSH,106190125,930000024,930000002,,,,,,,,Kil Yi,Director of Pharmacy,(213) 742-5483,,34.037195,-118.265382,224010,1001
134,16037H0003,CEDARS-SINAI MEDICAL CENTER,,340B,Unchanged,8700 BEVERLY BOULEVARD,LOS ANGELES,CA,90048,16,037,50625,DSH050625,DSH,106190555,930000110,930000004,1639172372,,,,,,,MELSEN KWONG,PHARMACY MANAGER,(310) 423-3235,,34.076356,-118.378826,194500,2021
135,16037H0004,CENTINELA HOSPITAL MEDICAL CENTER,,DHCS DSH,Unchanged,555 E HARDY St,INGLEWOOD,CA,90301,16,037,50739,,,106190148,930000027,930000022,,,,,,,,"Bradley, Linda",Administrator,(310) 673-4660,,33.94909145,-118.3481764,,
136,16037H0006,Children's Hospital of Los Angeles,Pediatric,340B & DHCS DSH,Unchanged,4650 Sunset Boulevard,LOS ANGELES,CA,90027,16,037,53302,PED053302-00,Childrens Hospital,106190170,930000032,930000034,1124073366,,,,,,,Carol Taketomo,Pharmacy Director,(323) 361-5988,,34.09815545,-118.2906902,191302,2003
137,16037H0007,COMMUNITY HOSPITAL OF HUNTINGTON PARK,,DHCS DSH,Unchanged,2623 E SLAUSON Ave,HUNTINGTON PARK,CA,90255,16,037,50091,,,106190197,930000038,930000040,,,,,,,,,,,,33.98921642,-118.2246104,,
138,16037H0009,EAST LOS ANGELES DOCTORS HOSPITAL,,DHCS DSH,Unchanged,4060 WHITTIER Blvd,LOS ANGELES,CA,90023,16,037,50641,,,106190256,930000049,930000053,,,,,,,,,,,,34.02392303,-118.1841174,,
139,16037H0010,ENCINO HOSPITAL MEDICAL CENTER,,DHCS DSH,Removed,16237 VENTURA Blvd,ENCINO,CA,91436,16,037,50158,,,106190280,930000051,930000054,,,,,,,,"Park, Bockhi",Administrator,(818) 995-5000,,34.15677994,-118.4866155,,
140,16037H0011,GOOD SAMARITAN HOSPITAL,,340B,Unchanged,616 SOUTH WITMER STREET,LOS ANGELES,CA,90017,16,037,50471,DSH050471,DSH,106190392,930000071,930000068,1508859323,,,,,,,JAMIE WHITCOMB,DIRECTOR OF REVENUE MANAGEMENT,(213) 977-2548,,34.05319161,-118.2652918,209102,2000
141,16037H0013,HOLLYWOOD PREBYTERIAN MEDICAL CENTER,,DHCS DSH,Unchanged,1300 N VERMONT Ave,LOS ANGELES,CA,90027,16,037,50063,,,106190382,930000067,930000065,,,,,,,,"Stefanek, Allen",Administrator,(213) 413-3000,,34.095548,-118.29175,,
142,16037H0020,Keck Hospital of USC,,340B,Unchanged,1500 SAN PABLO STREET,LOS ANGELES,CA,90033,16,037,50696,DSH050696,DSH,106194219,930000459,930000912,1952546616,,,,,,,EVELYN WING,340B MANAGER,(323) 865-3611,,34.06267162,-118.2030124,203300,1006
143,16037H0023,LOS ANGELES COUNTY (LAC) Harbor UCLA Medical Center,County,340B & DHCS DSH,Unchanged,1000 WEST CARSON ST.,TORRANCE,CA,90502,16,037,50376,DSH050376,DSH,106191227,060000129,060000697,,,,,,,,"Jennie Ung, Pharm.D.","Director, Pharmacy Services",(310) 222-2359,,33.831586,-118.29207,543503,2005
151,16037H0024,OLIVE VIEW MEDICAL CENTER,County,340B & DHCS DSH,Unchanged,14445 OLIVE VIEW DR.,SYLMAR,CA,91342,16,037,50040,DSH050040,DSH,106191231,060000133,060000631,1225146111,,,,,,,STEVE LEE,"DIRECTOR,PHARMACY SVCS",(818) 364-3059,,34.32439028,-118.4464906,106010,1036
157,16037H0025,RANCHO LOS AMIGOS NATIONAL REHABILITATION CENTER,County,340B & DHCS DSH,Unchanged,7601 EAST IMPERIAL HIGHWAY,DOWNEY,CA,90242,16,037,50717,DSH050717,DSH,106191306,,060000028,1144342932,,,,,,,"BRIAN JOYO, PHARM D",PHARMACY DIRECTOR,(562) 401-7239,,33.92705147,-118.1580794,551600,1011
144,16037H0026,LOS ANGELES COUNTY DEPARTMENT OF HEALTH SERVICES - USC MEDICAL CENTER,County,340B & DHCS DSH,Unchanged,"1200 N. STATE ST, RM A1C109",LOS ANGELES,CA,90033,16,037,50373,DSH050373,DSH,106191228,060000130,060000700,1124152954,,,,,,,Beatrisa Bannister,PHARMACY SERVICES CHIEF,(323) 409-4280,,34.058611,-118.209606,203300,1021
145,16037H0027,LOS ANGELES COMMUNITY HOSPITAL,,DHCS DSH,Unchanged,4081 E OLYMPIC Blvd,LOS ANGELES,CA,90023,16,037,50663,,,106190198,930000039,930000085,,,,,,,,"Levy, Keith",Administrator,(323) 267-0477,,34.018894,-118.18619,,
146,16037H0032,MEMORIAL HOSPITAL OF GARDENA,,DHCS DSH,Unchanged,1145 W REDONDO BEACH BLVD,GARDENA,CA,90247,16,037,50468,,,106190521,930000098,930000092,,,,,,,,"Lonergan, Araceli",Administrator,(310) 532-4200,,33.89236166,-118.2960804,,
147,16037H0034,MISSION COMMUNITY HOSPITAL - PANORAMA CAMPUS,,DHCS DSH,Unchanged,14850 ROSCOE Blvd,PANORAMA CITY,CA,91402,16,037,50704,,,106190524,930000101,930000027,,,,,,,,"Theiring, James",Administrator,(818) 904-3100,,34.22148088,-118.4564033,,
148,16037H0036,NORTHRIDGE HOSPITAL MEDICAL CENTER,,340B,Unchanged,18300 ROSCOE BLVD,NORTHRIDGE,CA,91325,16,037,50116,DSH050116,DSH,106190568,930000114,930000111,,,,,,,,Blair Galbreath,Director of Pharmacy,(818) 885-8500,2606,34.22079138,-118.5317547,131400,1001
149,16037H0038,PACIFIC ALLIANCE MEDICAL CENTER,,DHCS DSH,Unchanged,531 W COLLEGE St,LOS ANGELES,CA,90012,16,037,50018,,,106190307,930000054,930000057,,,,,,,,"Edwards, John",Administrator,(213) 830-6506,,34.06457361,-118.2390844,,
150,16037H0039,PACIFICA HOSPITAL OF THE VALLEY,,DHCS DSH,Unchanged,9449 SAN FERNANDO Rd,SUN VALLEY,CA,91352,16,037,50378,,,106190696,930000148,930000133,,,,,,,,"Mousa, Ayman",Administrator,(818) 767-3310,,34.24100806,-118.3955761,,
152,16037H0041,PROVIDENCE HEALTH SYSTEM SOUTHERN CALIFORNIA DBA PROVIDENCE HOLY CROSS MEDICAL CENTER,,340B & DHCS DSH,Unchanged,15031 RINALDI STREET,MISSION HILLS,CA,91345,16,037,50278,DSH050278,DSH,106190385,930000404,930000066,1477587632,,,,,,,JIWON KIM,INTERIM DIRECTOR OF PHARMACY,(818) 496-4594,,34.27900559,-118.4596403,109100,2003
153,16037H0042,PROVIDENCE HEALTH SYSTEM SOUTHERN CALIFORNIA DBA PROVIDENCE LITTLE COMPANY OF MARY MEDICAL CENTER TORRANCE,,340B,Unchanged,4101 TORRANCE BLVD.,TORRANCE,CA,90503,16,037,50353,DSH050353,DSH,106190470,930000089,930000081,1902844988,,,,,,,MUNO BHOLAT,DIRECTOR OF PHARMACY,(310) 303-5722,,33.837574,-118.357994,650602,1014
154,16037H0044,PROVIDENCE TARZANA MEDICAL CENTER,,340B,Unchanged,18321 CLARK STREET,TARZANA,CA,91356,16,037,50761,DSH050761,DSH,106190517,930000097,930000091,1821250762,,,,,,,Goorgen Boghossian,Director of Pharmacy,(818) 708-5413,,34.16977348,-118.5329495,139401,1003
155,16037H0047,SILVER LAKE MEDICAL CENTER-DOWNTOWN CAMPUS,,DHCS DSH,Unchanged,1711 W TEMPLE St,LOS ANGELES,CA,90026,16,037,50763,,,106190661,930000137,630011144,,,,,,,,,,,,34.068869,-118.263777,,
156,16037H0049,HOLLYWOOD COMMUNITY HOSPITAL OF HOLLYWOOD,,DHCS DSH,Unchanged,6245 DE LONGPRE Ave,HOLLYWOOD,CA,90028,16,037,50135,,,106190380,,930000064,,,,,,,,"Levy, Keith",Administrator,(323) 462-2271,,34.09618937,-118.3250298,,
160,16037H0051,ST FRANCIS MEDICAL CENTER,,340B & DHCS DSH,Unchanged,3630 E IMPERIAL HWY,LYNWOOD,CA,90262,16,037,50104,DSH050104,DSH,106190754,930000157,930000128,,,,,,,,Susan H. Yun,Director of Pharmacy,(310) 900-8651,,33.9312446,-118.2033219,540203,1000
161,16037H0053,ST. VINCENT MEDICAL CENTER,,340B,Removed,2131 W. THIRD ST.,LOS ANGELES,CA,90057,16,037,50502,DSH050502,DSH,106190762,930000161,930000104,1124004304,,,,,,,CATHY FICKES,PRESIDENT & CEO,(213) 484-7111,,34.06305309,-118.2731125,208502,2002
162,16037H0054,TEMPLE COMMUNITY HOSPITAL,,DHCS DSH,Removed,235 N HOOVER St,LOS ANGELES,CA,90004,16,037,50111,,,106190784,930000164,930000143,,,,,,,,,,,,34.07529148,-118.2835046,,
159,16037H0057,SANTA MONICA UCLA MC AND ORTHOPAEDIC HOSPITAL,County,340B DSH,Unchanged,1250 16TH STREET,SANTA MONICA,CA,90404,16,037,50112,DSH050112,DSH,106190687,930000146,930000049,1427055839,,,,,,,DIANE ZALBA,PHARMACY DIRECTOR,(310) 267-8502,,34.02761895,-118.4861352,701502,2000
158,16037H0058,RONALD REAGAN UCLA MEDICAL CENTER,County,340B DSH,Unchanged,757 WESTWOOD PLAZA,LOS ANGELES,CA,90095,16,037,50262,DSH050262,DSH,106190796,930000165,930000162,1902803315,RONALD REAGAN UCLA MEDICAL CENTER,"662 GAYLEY AVENUE, ROOM 504A",,LOS ANGELES,CA,90095,"DIANE ZALBA, PHARM.D.","DIRECTOR, PHARMACEUTICAL SERVICES",(310) 267-8500,,34.06693,-118.445093,265301,1014
163,16037H0059,USC Norris Cancer Hospital,,340B,Unchanged,1441 Eastlake Avenue,LOS ANGELES,CA,90033,16,037,50660,CAN050660-00,Cancer Hospital,106191216,,930000163,1184655417,,,,,,,Evelyn Wing,340B Manager,(323) 865-3611,,34.06240249,-118.2049788,203300,1005
164,16037H0060,Valley Presbyterian Hospital,,340B & DHCS DSH,Unchanged,15107 Vanowen Street,VAN NUYS,CA,91405,16,037,50126,DSH050126,DSH,106190812,930000170,930000129,1578529285,,,,,,,Darryl Toy PharmD,Director of Pharmacy,(818) 902-3919,,34.19391861,-118.4626719,127804,1006
165,16037H0062,WHITE MEMORIAL MEDICAL CENTER,,340B & DHCS DSH,Unchanged,1720 CESAR E CHAVEZ AVENUE,LOS ANGELES,CA,90033,16,037,50103,DSH050103,DSH,106190878,930000195,930000822,1215927470,,,,,,,Thao Nguyen,Director of Pharmacy,(323) 268-5000,1403,34.0510808,-118.2173391,203500,1010
166,17071H0001,ARROWHEAD REGIONAL MEDICAL CENTER,County,340B & DHCS DSH,Unchanged,400 N. PEPPER AVENUE,COLTON,CA,92324,17,065,50245,DSH050245,DSH,106364231,240000197,240000100,,,,,,,,"CLIFF HIROSHIGE, PHARM.D.",DIRECTOR OF PHARMACY,(909) 580-0016,,34.075463,-117.352921,3612,1024
167,17071H0004,BEAR VALLEY COMMUNITY HOSPITAL,,340B & DHCS DSH,Unchanged,41870 GARSTIN ROAD,BIG BEAR LAKE,CA,92315,17,071,50618,CAH051335-00,Critical Access Hospital,106361110,240000111,240000002,1073553756,Bear Valley Community Hospital,PO BOX 1649,,Big Bear Lake,CA,92315,Colin Campbell,Director of Pharmacy,(909) 878-8209,,34.24600766,-116.8890554,,
168,17071H0006,Colorado River Medical Center,,340B,Unchanged,1401 Bailey Avenue,NEEDLES,CA,92363,17,071,51323,CAH051323-00,Critical Access Hospital,106361458,,240000034,1457520942,,,,,,,Joy Papa,Ancillary Director,(760) 326-7164,,34.83305014,-114.6182919,10700,3008
169,17071H0007,COMMUNITY HOSPITAL OF SAN BERNARDINO,,340B & DHCS DSH,Unchanged,1805 MEDICAL CENTER DRIVE,SAN BERNARDINO,CA,92411,17,071,50089,DSH050089,DSH,106361323,240000198,240000082,1235290818,,,,,,,PATTY WOMACK,DIRECTOR OF PHARMACY,(909) 806-1408,,34.113487,-117.322576,4302,1007
170,17071H0015,Hi-Desert Memorial Health Care District,,DHCS DSH,Unchanged,6601 White Feather Road,JOSHUA TREE,CA,92252,17,071,50279,,,106362041,240000231,240000014,1942315965,,,,,,,Bob Tyk,Chief Financial Officer/Chief Compliance Officer,(760) 366-6421,,34.131422,-116.276749,10419,2020
174,17065H0016,JOHN F. KENNEDY MEMORIAL HOSPITAL,,DHCS DSH,Unchanged,47111 MONROE St,INDIO,CA,92201,17,065,50534,,,106331216,250000155,250000017,,,,,,,,"Honts, Gary L",Administrator,(760) 347-6191,,33.70625427,-116.233871,,
171,17071H0026,LOMA LINDA UNIVERSITY MEDICAL CENTER**,Pediatric,340B & DHCS DSH,Unchanged,11234 ANDERSON ST,LOMA LINDA,CA,92354,17,071,50327,DSH050327,DSH,106361246,240000169,240000027,1841207750,,,,,,,PAUL NORRIS,EXECUTIVE DIRECTOR OF PHARMACY,(909) 558-4497,,34.04961349,-117.2611297,7303,3006
172,17071H0029,MONTCLAIR HOSPITAL MEDICAL CENTER,,DHCS DSH,Unchanged,5000 SAN BERNARDINO St,MONTCLAIR,CA,91763,17,071,50758,,,106361166,240000141,240000009,,,,,,,,"Brentano, Gregory",Administrator,(909) 625-8244,,34.07767358,-117.6962116,,
177,17071H0030,SAN BERNARDINO MOUNTAINS COMMUNITY HOSPITAL DISTRICT,,340B & DHCS DSH,Unchanged,29101 HOSPITAL ROAD,LAKE ARROWHEAD,CA,92352,17,071,51312,CAH051312-00,Critical Access Hospital,106361266,240000176,240000052,1245380799,SAN BERNARDINO MOUNTAINS COMMUNITY HOSPITAL DISTRICT,P.O. BOX 70,,LAKE ARROWHEAD,CA,92352,CHARLES HARRISON,CEO,(909) 436-3200,,34.26654826,-117.1680889,10902,5007
173,17065H0032,PARKVIEW COMMUNITY HOSPITAL MEDICAL CENTER,,DHCS DSH,Unchanged,3865 JACKSON St,RIVERSIDE,CA,92503,17,065,50102,,,106331293,250000186,250000044,,,,,,,,"Popkin, Steve",Administrator,(951) 688-2211,,33.92569134,-117.4400073,,
175,17065H0035,RIVERSIDE COUNTY REGIONAL MEDICAL CENTER,County,340B & DHCS DSH,Unchanged,26520 CACTUS AVENUE,MORENO VALLEY,CA,92555,17,065,50292,DSH050292,DSH,106334487,250000195,250000050,1821159195,,,,,,,"Greg Prouty, PHARM.D.",DIRECTOR OF PHARMACY,(951) 486-4529,,33.91011794,-117.1971689,48700,2004
176,17065H0038,SAN GORGONIO MEMORIAL HOSPITAL,,DHCS DSH,Unchanged,600 N HIGHLAND SPRINGS Ave,BANNING,CA,92220,17,065,50054,,,106331326,250000199,250000101,,,,,,,,"Turner, Mark",Administrator,(951) 845-1121,,33.932827,-116.946885,,
178,17071H0041,ST. BERNARDINE MEDICAL CENTER,,340B,Unchanged,2101 N. WATERMAN AVENUE,SAN BERNARDINO,CA,92404,17,071,50129,DSH050129,DSH,106361339,240000206,240000103,,,,,,,,MAGGIE TON,DIRECTOR OF PHARMACY,(909) 881-4473,,34.134056,-117.278776,6301,1006
179,17071H0042,ST. MARY MEDICAL CENTER,,340B,Unchanged,18300 US HIGHWAY 18,APPLE VALLEY,CA,92307,17,071,50300,DSH050300,DSH,106361343,240000207,240000104,1669456299,St. Mary Medical Center,PO Box 31001 1946,,Pasadena,CA,91111,Tracey Fernandez,VP /CFO,(760) 242-2311,8727,34.49623,-117.149542,9712,2000
180,17071H0044,VICTOR VALLEY COMMUNITY HOSPITAL,,DHCS DSH,Unchanged,15248 11th St,VICTORVILLE,CA,92395,17,071,50517,,,106361370,240000218,240000054,,,,,,,,,,,,34.52785382,-117.2925095,,
181,18059H0004,CHAPMAN MEDICAL CENTER,,DHCS DSH,Removed,2601 E CHAPMAN Ave,ORANGE,CA,92869,18,059,50745,,,106301140,060000097,060000006,,,,,,,,"Kreitz, Donald K",Administrator,(714) 633-0011,,33.787802,-117.824593,,
182,18059H0006,Children's Hospital of Orange County,Pediatric,340B & DHCS DSH,Unchanged,"1201 W, La Veta Avenue",ORANGE,CA,92868,18,059,53304,PED053304-00,Childrens Hospital,106300032,060000011,060000007,,Children's Hospital of Orange County,PO B0x 5700,,Orange,CA,92868,Grace Magedman,Director of Pharmacy Operations,(714) 509-4332,,33.780323,-117.8659742,76000,2008
183,18059H0007,COASTAL COMMUNITIES HOSPITAL,,DHCS DSH,Unchanged,2701 S BRISTOL St,SANTA ANA,CA,92704,18,059,50747,,,106301258,060000143,060000021,,,,,,,,"Tharasri, Luke",Administrator,(714) 754-5454,,33.7111912,-117.8854061,,
184,18059H0008,COLLEGE HOSPITAL COSTA MESA,,DHCS DSH,Unchanged,301 VICTORIA St,COSTA MESA,CA,92627,18,059,50543,,,106301155,060000100,060000008,,,,,,,,"Taylor, Susan",Administrator,(949) 642-2734,,33.65262152,-117.9121176,,
185,18059H0010,FOUNTAIN VALLEY RGNL HOSP AND MED CTR - EUCLID,,DHCS DSH,Unchanged,17100 EUCLID St,FOUNTAIN VALLEY,CA,92708,18,059,50570,,,106301175,060000109,060000011,,,,,,,,"Badalian, B. Joseph",Administrator,(714) 966-7200,,33.71258273,-117.9371741,,
186,18059H0012,GARDEN GROVE HOSPITAL MEDICAL CENTER,,DHCS DSH,Unchanged,12601 GARDEN GROVE BLVD,GARDEN GROVE,CA,92843,18,059,50230,,,106301283,060000152,060000058,,,,,,,,"Metcalfe, CEO, Kevan",Administrator,(714) 537-5160,,33.774509,-117.914808,,
187,18059H0013,HEALTHBRIDGE CHILDREN'S HOSPITAL-ORANGE,,DHCS DSH,Removed,393 S TUSTIN St,ORANGE,CA,92866,18,059,,,,106304159,,060001698,,,,,,,,,,,,33.78330448,-117.8357315,,
188,18059H0030,ORANGE COAST MEMORIAL MEDICAL CENTER,,340B,Unchanged,9920 TALBERT AVENUE,FOUNTAIN VALLEY,CA,92708,18,059,50678,DSH050678,DSH,106300225,060000066,060000208,1497702575,,,,,,,Stanley Hill,DIRECTOR OF PHARMACY,(714) 378-7012,,33.70166,-117.9557972,99232,1001
189,18059H0034,ST. JOSEPH HOSPITAL OF ORANGE,,340B,Unchanged,1100 WEST STEWART DRIVE,ORANGE,CA,92868,18,059,50069,DSH050069,DSH,106301340,060000172,060000673,1912982216,,,,,,,Curt Zimmer,Executive Director Finance,(714) 771-8238,,33.78238,-117.865078,,
190,18059H0036,UCI MEDICAL CENTER,County,340B & DHCS DSH,Unchanged,101 THE CITY DR. Rt 32,ORANGE,CA,92868,18,059,50348,DSH050348,DSH,106301279,060000148,060000787,1689608150,UCI MEDICAL CENTER,ACCOUNTS PAYABLE - P O BOX C 11917,,SANTA ANA,CA,92711,"Melanie Joe, Pharm.D.",Chief Pharmacy Officer,(714) 456-5514,,33.788923,-117.890821,76102,2005
191,18059H0038,WESTERN MEDICAL CENTER - SANTA ANA,,DHCS DSH,Unchanged,1001 N TUSTIN Ave,SANTA ANA,CA,92705,18,059,50746,,,106301566,060000188,060000073,,,,,,,,"Richards, Suzanne",Administrator,(714) 835-3555,,33.75282,-117.8342,,
192,18059H0039,WESTERN MEDICAL CENTER HOSPITAL - ANAHEIM,,DHCS DSH,Unchanged,1025 S ANAHEIM BLVD,ANAHEIM,CA,92805,18,059,50744,,,106301188,060000117,060000655,,,,,,,,,,,,33.82030104,-117.9088406,,
216,18059H0040,AHMC Anaheim Regional Medical Center,,DHCS DSH,Added,1111 WEST LA PALMA AVENUE,ANAHEIM,CA,92801,18,059,050226,,,106301098,060000080,060000002,,,,,,,,"Petre, Patrick",Administrator,(714) 774-1450,,33.847134,-117.93399,86601,2000
218,18059H0041,CHOC Children's at Mission Hospital,Pediatric,DHCS DSH,Added,27700 MEDICAL CTR. RD.,MISSION VIEJO,CA,92691,18,059,053306,,,106304113,060000348,060001207,,,,,,,,"Cripe, Kimberly",Administrator,(949) 364-1400,,33.561222,-117.667015,32022,2004
193,19073H0005,GROSSMONT HOSPITAL,,340B & DHCS DSH,Unchanged,5555 GROSSMONT CENTER DRIVE,LA MESA,CA,91942,19,073,50026,DSH050026,DSH,106370714,080000006,080000045,1528041811,,,,,,,Besher Flores,340B Program Specialist,(858) 499-4678,,32.779148,-117.008635,15000,2016
194,19073H0009,PALOMAR MEDICAL CENTER,,340B,Unchanged,2185 Citracado Parkway,ESCONDIDO,CA,92025,19,073,50115,DSH050115,DSH,106374382,,630013873,1457321317,Palomar Health,2227 Enterprise St,,Escondido,CA,92029,Jeremy Lee,"District Director, Pharmacy Services",(760) 739-3935,,33.09244,-117.082421,20307,2019
195,19073H0010,PARADISE VALLEY HOSPITAL,,DHCS DSH,Unchanged,2400 E 4th St,NATIONAL CITY,CA,91950,19,073,50024,,,106370759,090000086,090000338,,,,,,,,,,,,32.68634388,-117.0830738,,
196,19073H0013,PROMISE HOSPITAL OF SAN DIEGO,,DHCS DSH,Unchanged,5550 UNIVERSITY Ave,SAN DIEGO,CA,92105,19,073,,,,106370787,,090000155,,,,,,,,"Mitchell, Bill",Administrator,(619) 582-3800,,32.747792,-117.07622,,
197,19073H0014,RADY CHILDREN'S HOSPITAL-SAN DIEGO,Pediatric,DHCS DSH,Unchanged,3020 CHILDRENS WAY,SAN DIEGO,CA,92123,19,073,53303,PED053303,,106370673,080000028,080000035,1710065933,Rady Children’s Hospital- San Diego ,PO Box 843951,,Los Angeles,CA,90084,David Kaufman,Director Managed Care Contracting,(858) 966-5445,,32.79867154,-117.1507958,,
198,19073H0018,SCRIPPS MERCY HOSPITAL,,340B & DHCS DSH,Unchanged,4077 FIFTH AVENUE,SAN DIEGO,CA,92103,19,073,50077,DSH050077,DSH,106370744,090000074,090000347,1659359446,,,,,,,Sherrie Todd,340b Program Director,(619) 260-7308,,32.75123931,-117.1611045,400,1000
199,19073H0020,SHARP CHULA VISTA MEDICAL CENTER,,340B & DHCS DSH,Unchanged,751 MEDICAL CENTER COURT,CHULA VISTA,CA,91911,19,073,50222,DSH050222,DSH,106370875,090000008,090000416,,,,,,,,Besher Flores,340B Program Specialist,(858) 499-4678,,32.61898469,-117.0248467,13310,1040
200,19073H0021,SHARP CORONADO HOSPITAL AND HEALTHCARE CENTER,,DHCS DSH,Unchanged,250 PROSPECT PL,CORONADO,CA,92118,19,073,50234,,,106370689,090000036,090000033,,,,,,,,"Stone, Susan",Administrator,(619) 435-6251,,32.69423367,-117.1679857,,
201,19073H0023,SHARP MEMORIAL HOSPITAL,,340B,Unchanged,7901 FROST STREET,SAN DIEGO,CA,92123,19,073,50100,DSH050100,DSH,106370694,080000039,080000036,1407839921,,,,,,,Besher Flores,340B Program Specialist,(858) 499-4678,,32.800252,-117.154051,8702,1013
202,19073H0024,TRI-CITY MEDICAL CENTER,,340B,Unchanged,4002 VISTA WAY,OCEANSIDE,CA,92056,19,073,50128,DSH050128,DSH,106370780,080000099,080000387,1801861190,,,,,,,Tori Hong,Director of Pharmacy,(760) 940-3018,,33.18399862,-117.2964603,18518,2013
203,19073H0026,UCSD MEDICAL CENTER,County,340B & DHCS DSH,Unchanged,200 WEST ARBOR DRIVE,SAN DIEGO,CA,92103,19,073,50025,DSH050025,DSH,106370782,090000101,080001621,1598786576,,,,,,,"DANIELLE KULISCHAK, PHARM D",PHARMACY PURCHASING COORDINATOR,(619) 543-6381,,32.75374991,-117.1655259,400,3000
209,19073H0027,POMERADO HOSPITAL,,340B ,Added,15615 POMERADO RD,POWAY,CA,92064,19,073,050636,DSH050636,DSH,106370977,080000127,080000147,1376513754,Palomar Health,2227 Enterprise St,,Escondido,CA,92029,Jeremy Lee,"District Director, Pharmacy Svcs",(760) 739-3935,,32.997364,-117.05789,17054,4000
,"**Note: Effective November 16, 2014, Loma Linda University Childrens Hospital is separately licensed (CA License number 550002873)",,,,,,,,,,,,,,,,,,,,,,,,,,,,,,,